dialect_bcp47,dataset_name,source_link,evidence_quotes,documentation_link,format,domain,access,license,status,notes
ar-TN,Tunisian_MSA,https://openslr.org/46/,"Tunisian Modern Standard Arabic" | "data collection took place near Tunis the capital of the Republic of Tunisia in 2003" | "recited sentences and providing answers to prompted questions",https://openslr.org/46/,Speech/Audio+Transcripts,recited+prompted speech,open,Apache 2.0,proposed,Tunisian Arabic - has transcripts and prompted speech (conversational)
fr-CI/SN/CM,African Accented French,https://openslr.org/57/,"African Accented French Corpus" | "Yaoundé Cameroon" | "recordings from 125 speakers from Cameroon Chad Congo and Gabon" | "23 speakers in Niamey Niger" | "Transcripts are provided for all the recordings",https://openslr.org/57/,Speech/Audio+Transcripts,spoken recordings,open,Apache 2.0,proposed,African French varieties (Cameroon/Chad/Congo/Gabon/Niger) with transcripts
fr-FR,Att-HACK,https://openslr.org/88/,"French Expressive Speech Database" | "100 phrases with multiple versions" | "acted expressive speech in French",https://gitlab.com/nicolasobin/att-hack,Speech/Audio+Transcripts,acted speech,open,Creative Commons (BY/NC/ND),proposed,French expressive speech - but may be too artificial/acted for dialectical purposes
ar-multiple,MediaSpeech Arabic,https://openslr.org/108/,"French Arabic Turkish and Spanish media speech datasets" | "speech segments automatically extracted from media videos available on YouTube and manually transcribed",https://github.com/NTRLab/MediaSpeech,Speech/Audio+Transcripts,media/YouTube,open,Creative Commons Attribution 4.0,proposed,Arabic from media - need to check if dialect-specific
fr-FR,MediaSpeech French,https://openslr.org/108/,"French Arabic Turkish and Spanish media speech datasets" | "speech segments automatically extracted from media videos available on YouTube and manually transcribed",https://github.com/NTRLab/MediaSpeech,Speech/Audio+Transcripts,media/YouTube,open,Creative Commons Attribution 4.0,proposed,French from media - likely Parisian but need confirmation
ar-MSA,Mohammed Quran,https://openslr.org/132/,"Arabic speech to text Quran data" | "transcripts.tsv is a tab-separated-value file" | "Path-Duration-Arabic text",https://kaggle.com/datasets/bigguyubuntu/quran-ayat-speech-to-text,Speech/Audio+Transcripts+TSV,Quranic recitation,open,MIT,proposed,Classical Arabic - may not reflect dialectical usage
fr-FR,Audiocite.net,https://openslr.org/139/,"Spoken dataset of books read in French" | "6682 hours of audio recording" | "130 speakers" | "read French speech",https://www.audiocite.net/,Speech/Audio+Transcripts+JSON,literary/books,open,Mixed CC licenses,proposed,French audiobooks - likely standard French but massive dataset
ar-EG,CALLHOME Egyptian Arabic Speech,https://catalog.ldc.upenn.edu/LDC97S45,"120 unscripted telephone conversations between native speakers of Egyptian Colloquial Arabic (ECA)" | "dialect of ECA that this dictionary represents is Cairene Arabic" | "All calls originated in North America and were placed to locations overseas (typically Egypt)",https://catalog.ldc.upenn.edu/LDC97S45,Speech/Audio,conversational telephone,restricted,LDC license,proposed,Egyptian Arabic conversational telephone speech - NEEDS TRANSCRIPTS (LDC97T19)
ar-EG,CALLHOME Egyptian Arabic Transcripts,https://catalog.ldc.upenn.edu/LDC97T19,"transcripts cover a contiguous five or ten minute segment taken from 120 unscripted telephone conversations between native speakers of Egyptian Colloquial Arabic (ECA)" | "dialect of ECA that this dictionary represents is Cairene Arabic" | "transcripts are timestamped by speaker turn" | "provided in standard orthography",https://catalog.ldc.upenn.edu/LDC97T19,Transcripts only,conversational telephone,restricted,LDC license,proposed,Egyptian Arabic conversational transcripts - PAIRS WITH LDC97S45
ar-EG,CALLFRIEND Egyptian Arabic,https://catalog.ldc.upenn.edu/LDC96S49,"approximately 25 hours of unscripted telephone conversations between native speakers of Egyptian Arabic" | "both the caller and callee are native speakers of the Egyptian dialect of Arabic" | "60 unscripted telephone conversations lasting between 5-30 minutes",https://catalog.ldc.upenn.edu/LDC96S49,Speech/Audio,conversational telephone,restricted,LDC license,proposed,Egyptian Arabic telephone conversations - check if transcripts available
fr-CA,CALLFRIEND Canadian French,https://catalog.ldc.upenn.edu/LDC96S48,"both the caller and callee are native Canadian speakers of French" | "60 unscripted telephone conversations lasting between 5-30 minutes" | "All calls are domestic and were placed inside the continental United States and Canada",https://catalog.ldc.upenn.edu/LDC96S48,Speech/Audio,conversational telephone,restricted,LDC license,proposed,Quebec/Canadian French telephone conversations
ar-multiple,GUMAR Gulf Arabic Corpus,http://resources.camel-lab.com/,"100M word corpus of Gulf Arabic named the GUMAR Corpus" | "CAMeL Researchers are working on the automatic annotation of the corpus and on developing gold data annotations for 200000 words from eight novels" | "improved tools for Gulf Arabic automatic analysis",http://resources.camel-lab.com/,Text corpus,literary/novels,open,Academic use,proposed,Gulf Arabic literary corpus - 100M words from novels
ar-BH,Bahrain Corpus,http://resources.camel-lab.com/,"specialized corpus of the Bahraini Arabic dialect which includes written texts as well as transcripts of audio files belonging to a different genre (folktales comedy shows plays cooking shows etc.)" | "transcripts of audio files" | "folktales comedy shows plays cooking shows",http://resources.camel-lab.com/,Text+Audio transcripts,multimedia/entertainment,open,Academic use,proposed,Bahraini Arabic with diverse genres and transcripts
ar-multiple,MADAR Multi-City Arabic,https://sites.google.com/nyu.edu/madar/,"Multi-Arabic Dialect Applications and Resources" | "parallel sentences to include the dialects of 25 Arab cities in addition to English French and MSA" | "about 20000 English tourism-related sentences" | "BTEC is conversational in nature has short sentences",https://sites.google.com/nyu.edu/madar/,Text parallel corpus,conversational/tourism,open,Academic use,proposed,25 Arab city dialects - parallel conversational sentences
ar-multiple,MADAR Spelling Correction,http://resources.camel-lab.com/,"spelling correction corpus of dialectal Arabic corrected using the Conventional Orthography for Dialectal Arabic (CODA)" | "10000 sentences covering the cities of Beirut Cairo Doha Rabat and Tunis" | "multiple Arabic dialects",http://resources.camel-lab.com/,Text corpus,corrected spelling,open,Academic use,proposed,Dialectal Arabic from 5 cities (Beirut/Cairo/Doha/Rabat/Tunis) with orthographic corrections
fr-FR,CFPP2000 Paris French,http://cfpp2000.univ-paris3.fr/,"Corpus de Français Parlé Parisien des années 2000" | "32 entretiens" | "transcriptions" | "tour de paroles" | "français parlé parisien",http://cfpp2000.univ-paris3.fr/,Speech transcripts,conversational interviews,open,Creative Commons BY 3.0,proposed,Parisian French conversational corpus with transcriptions and tours de parole
fr-BE,CFPB Brussels French,http://cfpp2000.univ-paris3.fr/cfpb.html,"Corpus de Français Parlé à Bruxelles" | "données du projet CFPB" | "français parlé bruxellois" | "transcriptions",http://www.aston.ac.uk/lss/research/research-projects/corpus-de-franais-parl-bruxellois/,Speech transcripts,conversational,open,Academic use,proposed,Brussels/Belgian French spoken corpus with transcriptions
fr-BE,VALIBEL Belgian French,https://uclouvain.be/fr/instituts-recherche/ilc/valibel,"VAriétés Linguistiques du Français de Belgique" | "centre de recherche" | "approche intégrée du langage comme phénomène complexe" | "interaction verbale",https://uclouvain.be/fr/instituts-recherche/ilc/valibel,Research center/corpus,linguistic variation,restricted,Academic collaboration,proposed,Belgian French linguistic varieties research center - need to find specific corpus access
